"residue","MR_Non_syn","MR_stop","MR_Syn"
1,0.855840681327529,0.0978516999413674,0.0463076187311031
2,0.812413077239269,0.124329885110441,0.06325703765029
3,0.945042396602941,0.0549576033970588,0
4,0.918700876493445,0.0668943025790145,0.0144048209275405
5,0.865434076088771,0.128015715858217,0.0065502080530121
6,0.954399866013861,0.0456001339861391,0
7,0.953155790178538,0.0410993789101239,0.00574483091133842
8,0.936783614127294,0.055490464497581,0.00772592137512483
9,0.958611324802168,0.0369182960734421,0.00447037912439028
10,0.948396994558653,0.0461089241922443,0.00549408124910286
11,0.953744668823157,0.0429595239900391,0.00329580718680419
12,0.9510319167627,0.047593113161644,0.00137497007565569
13,0.95234882021652,0.0461452569714996,0.00150592281198071
14,0.961322608504494,0.0386773914955056,0
15,0.53773341400501,0.433384832143031,0.0288817538519596
16,0.92784837905836,0.0721516209416405,0
17,0.947915805298136,0.0520841947018638,0
18,0.869242393998041,0.124866326562073,0.00589127943988632
19,0.564148908630353,0.416170383473088,0.0196807078965591
20,0.890270922321557,0.104173500909447,0.00555557676899581
21,0.672871015395178,0.307569287923937,0.0195596966808845
22,0.672499765427379,0.327500234572621,0
23,0.643154752246622,0.30867409132951,0.0481711564238676
24,0.451572740539681,0.51214989300959,0.036277366450729
25,0.908488790253653,0.0802011554164717,0.0113100543298753
26,0.5694368667331,0.361022600038632,0.0695405332282681
27,0.926138777378198,0.0696069380124617,0.00425428460934031
28,0.957475743587269,0.0409711989180074,0.00155305749472318
29,0.943508736843761,0.0472072896860272,0.00928397347021151
30,0.902947452910162,0.0838134086032009,0.0132391384866367
31,0.965474106497514,0.0345258935024859,0
32,0.888324491672744,0.105485954268124,0.00618955405913211
33,0.753163858132346,0.246836141867654,0
34,0.648233899760611,0.32442202079392,0.0273440794454682
35,0.575110453481436,0.385710664607817,0.0391788819107462
36,0.886831392420186,0.105301478637482,0.00786712894233153
37,0.851211476508094,0.138729377551158,0.0100591459407487
38,0.879193258862976,0.120806741137024,0
39,0.958475025315923,0.0370097022726167,0.00451527241146066
40,0.957560586719748,0.0315111937317696,0.0109282195484825
41,0.969661263528213,0.0303387364717874,0
42,0.936080782129944,0.0594874406221453,0.00443177724791056
43,0.91125449396247,0.0876582003763937,0.00108730566113584
44,0.882022498775077,0.114659477404483,0.00331802382043933
45,0.461710668306022,0.514465750580024,0.0238235811139546
46,0.442482759708984,0.531530810462854,0.0259864298281629
47,0.517736626509644,0.465400948538232,0.0168624249521241
48,0.685759314097814,0.311434362370764,0.00280632353142194
49,0.593033744360953,0.406966255639047,0
50,0.354575745365396,0.622723622484057,0.0227006321505469
51,0.404769303746706,0.584160587147425,0.0110701091058685
52,0.729997186100374,0.266732936990912,0.00326987690871337
53,0.427365553827552,0.572634446172448,0
54,0.971095727609578,0.0287434323767677,0.000160840013653946
55,0.511702992250462,0.479623714846132,0.0086732929034061
56,0.490785351988688,0.486686301022806,0.0225283469885059
57,0.767744522851849,0.209030384185056,0.0232250929630944
58,0.811936207803996,0.14630613738052,0.0417576548154834
59,0.464839935992913,0.535160064007087,0
60,0.440851855850412,0.496458800014359,0.0626893441352296
61,0.414709429922787,0.569597852855549,0.0156927172216641
62,0.452003490514202,0.503905007475317,0.0440915020104807
63,0.447730876396031,0.552269123603969,0
64,0.532225340536648,0.466339125957079,0.00143553350627281
65,0.420975165603591,0.57750658842534,0.00151824597106874
66,0.968457010176069,0.0308878712721433,0.000655118551787805
67,0.544319351373929,0.420223091077176,0.0354575575488948
68,0.954439597676185,0.0413691990113466,0.00419120331246805
69,0.657896210347942,0.342103789652059,0
70,0.494785177496195,0.482671648134503,0.0225431743693023
71,0.437088698344724,0.555611571239411,0.00729973041586556
72,0.656131613685941,0.343868386314059,0
73,0.431158671962759,0.561433236982023,0.00740809105521793
74,0.440472630365046,0.545268854692342,0.0142585149426125
75,0.737356481192098,0.256982732599171,0.00566078620873141
76,0.330830138468956,0.645263399851738,0.0239064616793054
77,0.677486014024036,0.322023505661323,0.000490480314641082
78,0.679806686308375,0.320193313691625,0
79,0.758685884598333,0.23843318507689,0.0028809303247765
80,0.483900866733148,0.516099133266852,0
81,0.371272080876879,0.609603490718982,0.0191244284041392
82,0.680784370993918,0.319215629006082,0
83,0.597347085910967,0.390151907586403,0.0125010065026303
84,0.839049887970691,0.158138842093262,0.00281126993604694
85,0.90386667690846,0.0961333230915398,0
86,0.735735735856868,0.261375217026391,0.00288904711674113
87,0.905238265420211,0.0906588538106091,0.00410288076918018
88,0.394762317696123,0.605237682303877,0
89,0.946430450735559,0.0514919326809423,0.00207761658349852
90,0.243270466758606,0.756729533241394,0
91,0.912237590930064,0.0871466818214289,0.000615727248507021
92,0.310713069405197,0.689286930594803,0
93,0.26891743162583,0.689929998967237,0.0411525694069326
94,0.387335342752524,0.582841924573277,0.0298227326741991
95,0.906662945015962,0.0933370549840379,0
96,0.460339600424944,0.515850952000502,0.0238094475745539
97,0.604117226784648,0.395882773215353,0
98,0.80432732149948,0.171598903259349,0.0240737752411702
99,0.732453251130681,0.246384010131874,0.0211627387374446
100,0.484331665578061,0.515668334421938,0
101,0.85928283143174,0.138912854494936,0.00180431407332392
102,0.606226686692286,0.393666820043618,0.000106493264095611
103,0.490976289056631,0.509023710943369,0
104,0.380615582405104,0.554584267689455,0.0648001499054411
105,0.627756727249039,0.337679227782886,0.0345640449680752
106,0.654514273755454,0.319373703121502,0.026112023123044
107,0.434889074109928,0.555670065775707,0.00944086011436562
108,0.450564362227235,0.525049517590402,0.0243861201823631
109,0.965659847438789,0.0325867063318071,0.00175344622940415
110,0.741677027730764,0.258322972269236,0
111,0.967943800416477,0.0317507765736579,0.000305423009865448
112,0.920712225488971,0.079287774511029,0
113,0.964272979941777,0.0336445848934652,0.00208243516475761
114,0.888567963482291,0.10933742974322,0.00209460677448893
115,0.946435025113916,0.0487433565186004,0.00482161836748385
116,0.786614899264102,0.207514412499978,0.00587068823592077
117,0.905508038487408,0.0944919615125916,0
118,0.975330164842079,0.0243664976999743,0.000303337457946733
119,0.689528249683698,0.310471750316302,0
120,0.962373688238718,0.0366132729612773,0.00101303880000428
121,0.869729029975343,0.0992630820092657,0.0310078880153912
122,0.923222851258136,0.0754085389932989,0.00136860974856489
123,0.462597842244623,0.53071321161572,0.00668894613965658
124,0.905528021483725,0.0917370251725121,0.00273495334376241
125,0.962388294542316,0.0367284165576779,0.000883288900006127
126,0.916713874520964,0.0824941258569534,0.000791999622082263
127,0.882142591052239,0.117734563031006,0.000122845916755375
128,0.9143362476589,0.0856637523411004,0
129,0.958869908662112,0.0410897372807825,4.03540571058596e-05
130,0.850568115946577,0.149431884053423,0
131,0.954769850851386,0.0438214646499166,0.00140868449869762
132,0.841489348071876,0.158187432986306,0.00032321894181836
133,0.946700133413744,0.0532998665862558,0
134,0.83051417913131,0.1583416123557,0.0111442085129893
135,0.950162763196296,0.0491244894480821,0.000712747355622265
136,0.917707016364205,0.0822929836357949,0
137,0.725443492908812,0.274556507091188,0
138,0.958557548563536,0.0367160657957877,0.00472638564067602
139,0.831845773555991,0.143534377951961,0.0246198484920487
140,0.954302730082264,0.0447049559268211,0.00099231399091482
141,0.770778799217195,0.190698046811604,0.0385231539712009
142,0.722983185185832,0.277016814814168,0
143,0.948501936012137,0.0406549283304371,0.0108431356574259
144,0.941781727789034,0.0443644732763544,0.0138537989346111
145,0.966903528688059,0.0330964713119407,0
146,0.919826836909196,0.0481988197817283,0.0319743433090759
147,0.935843551986663,0.0398888599520952,0.0242675880612417
148,0.788237131066911,0.0654344970069759,0.146328371926114
149,0.940305563795145,0.0564737967091374,0.00322063949571758
150,0.944718974837423,0.0552810251625773,0
151,0.661333695454484,0.326057922858625,0.0126083816868917
152,0.798549120118603,0.19561297566714,0.00583790421425731
153,0.627156720667091,0.365432127011149,0.0074111523217601
154,0.681286720223784,0.316343443461721,0.00236983631449425
155,0.565071583442295,0.424619596957438,0.0103088196002677
156,0.617452749879391,0.382547250120609,0
157,0.872304243150588,0.110953430043494,0.0167423268059172
158,0.566934738078423,0.389176071630196,0.0438891902913812
159,0.89284115929899,0.10715884070101,0
160,0.594267764611821,0.403134591646003,0.00259764374217656
161,0.975679946024462,0.0229807726637505,0.00133928131178718
162,0.865941231447505,0.132176674911035,0.00188209364146052
163,0.96954377755869,0.0298680189520847,0.00058820348922489
164,0.926014523388664,0.0739854766113363,0
165,0.921341832377486,0.0775912622557159,0.00106690536679831
166,0.866787657788953,0.12868479435016,0.00452754786088638
167,0.915656703285457,0.0790794815680473,0.00526381514649519
168,0.275130349370035,0.705328796502474,0.019540854127491
169,0.428977245854384,0.563463167102018,0.0075595870435981
170,0.574517984229764,0.408486971630174,0.0169950441400619
171,0.448378024204944,0.5446536635883,0.00696831220675587
172,0.955027709736738,0.0449722902632615,0
173,0.944231626685535,0.0518700524143058,0.00389832090015957
174,0.930769621281348,0.0641253082841225,0.00510507043452913
175,0.921272014560153,0.075978084644195,0.002749900795652
176,0.920636833670423,0.0770969248854691,0.00226624144410828
177,0.838114805063972,0.146167658707081,0.0157175362289464
178,0.450470182619307,0.518941575166736,0.0305882422139563
179,0.91588448490894,0.0769748238770421,0.00714069121401814
180,0.425067049701707,0.568236183409502,0.00669676688879133
181,0.95680699206687,0.0430913105983896,0.000101697334740396
182,0.915575318215094,0.0844246817849061,0
183,0.950917907796494,0.0382325596202344,0.0108495325832716
184,0.624954809282188,0.316908363842263,0.0581368268755491
185,0.953389642713207,0.0466103572867927,0
186,0.746388822932776,0.235346324845752,0.0182648522214716
187,0.97155192608714,0.0280893398031135,0.000358734109746075
188,0.704635003785282,0.271863515599595,0.0235014806151226
189,0.918896329535057,0.0803689193075747,0.000734751157368685
190,0.70231552003195,0.274246733421744,0.0234377465463062
191,0.457987444654004,0.503982455000564,0.0380301003454319
192,0.963515333025127,0.0355607400354804,0.000923926939392819
193,0.512975956542763,0.438873025759208,0.0481510176980295
194,0.784484890872319,0.202239160824829,0.0132759483028525
195,0.826381297490081,0.0691710587864418,0.104447643723477
196,0.0858074791934637,0.913757944340503,0.000434576466033302
197,0.977499073799356,0.0220997922603807,0.000401133940263151
198,0.175046809137332,0.822642321976125,0.00231086888654235
199,0.267111586924069,0.729681546758694,0.0032068663172373
200,0.952414507924315,0.0475854920756849,0
201,0.917757149414521,0.0775646649209828,0.00467818566449655
202,0.620062082872288,0.352589718989064,0.0273481981386474
203,0.952122176042818,0.0478778239571815,0
204,0.922945315910544,0.0623951018278221,0.0146595822616337
205,0.93373689242999,0.0535226545188485,0.0127404530511618
206,0.941534383882229,0.0498809427689274,0.00858467334884358
207,0.952395492093839,0.0476045079061613,0
208,0.974990187304727,0.0207542963129658,0.00425551638230687
209,0.961641364526798,0.0362235636562513,0.00213507181695088
210,0.956231857721564,0.038185279354369,0.0055828629240668
211,0.92326967940295,0.0701602935344267,0.00657002706262313
212,0.535562875964332,0.458872473438327,0.00556465059733992
213,0.505101183182552,0.491223137029612,0.00367567978783662
214,0.595359793311596,0.404640206688404,0
215,0.597099992914117,0.387650453019095,0.0152495540667879
216,0.659261834538907,0.329638630213435,0.0110995352476583
217,0.178604625851469,0.804713432493157,0.0166819416553742
218,0.541112771510153,0.458887228489847,0
219,0.831025245983723,0.168974754016277,0
220,0.28718993918797,0.700090009518522,0.0127200512935082
221,0.162326113831551,0.837673886168449,0
222,0.20192111903881,0.76510925835456,0.0329696226066295
223,0.202814766030793,0.78232132858331,0.0148639053858963
224,0.291245660012215,0.692180448403412,0.0165738915843724
225,0.282076984661238,0.706066115610638,0.0118568997281241
226,0.309262655917045,0.687062885188504,0.0036744588944508
227,0.915959353623625,0.0414823575451225,0.042558288831253
228,0.400313329037707,0.599686670962293,0
229,0.407557831264332,0.588265697259081,0.00417647147658661
230,0.904999378660163,0.0948532456273948,0.000147375712442587
231,0.712920375180843,0.285186777773369,0.00189284704578811
232,0.378146791752094,0.598150705655111,0.0237025025927952
233,0.100215777719293,0.89847084088025,0.00131338140045702
234,0.771969870878914,0.223258830388352,0.00477129873273419
235,0.364062982023678,0.635937017976322,0
236,0.510393411181474,0.489606588818526,0
237,0.716738713181026,0.278965067607583,0.0042962192113907
238,0.3581372928995,0.641379589380816,0.000483117719684363
239,0.817039511620425,0.18109974118222,0.00186074719735498
240,0.600284236809997,0.387417634564614,0.0122981286253886
241,0.455509416803837,0.519556854419566,0.0249337287765963
242,0.936794491208527,0.0571926554055577,0.00601285338591571
243,0.29258999140482,0.697063642966158,0.0103463656290225
244,0.328487025440121,0.664372350566094,0.00714062399378457
245,0.315306141296795,0.670064388535402,0.0146294701678034
246,0.401318854422783,0.598681145577217,0
247,0.413614740371149,0.570161585068157,0.0162236745606936
248,0.28786536846944,0.699197234129278,0.0129373974012821
249,0.343726869830996,0.642328165758245,0.0139449644107583
250,0.952094980639427,0.043354840393614,0.00455017896695874
251,0.465583864061084,0.4898306954795,0.0445854404594162
252,0.340460374813322,0.646975966953038,0.0125636582336404
253,0.953038036831406,0.04483788319362,0.00212407997497445
254,0.32684958258611,0.658975209370433,0.0141752080434563
255,0.506844164400312,0.483959019437865,0.00919681616182292
256,0.33582703440518,0.649895879060579,0.0142770865342406
257,0.868952356188313,0.129185968364818,0.00186167544686875
258,0.785347766085875,0.189921511774701,0.024730722139424
259,0.893201615684346,0.106798384315654,0
260,0.547655714432515,0.375183045743432,0.0771612398240529
261,0.808769598195178,0.170036190942993,0.0211942108618286
262,0.542010892174498,0.398309977346133,0.0596791304793693
263,0.603375473521631,0.364170975105617,0.0324535513727523
264,0.931798003008006,0.0681927855986767,9.21139331736734e-06
265,0.930134908674965,0.0698650913250348,0
266,0.765798622792595,0.189319051096127,0.0448823261112777
267,0.681726737842631,0.283329529550134,0.0349437326072343
268,0.935412333920618,0.0586683750559429,0.0059192910234388
269,0.586465018613839,0.392170237062587,0.0213647443235736
270,0.604754169664213,0.365467597026752,0.0297782333090351
271,0.929990823522289,0.0647512370215087,0.00525793945620244
272,0.855082510971034,0.129659296648867,0.0152581923800989
273,0.491339481025781,0.501406760739103,0.00725375823511639
274,0.394103030548548,0.605896969451452,0
275,0.687452653283554,0.307423856229171,0.00512349048727541
276,0.346824234108442,0.653175765891558,0
277,0.248364339710354,0.751635660289646,0
278,0.385673807509598,0.536117949561964,0.0782082429284384
279,0.300883889288158,0.645612661432213,0.0535034492796285
280,0.284821991858092,0.707314740088241,0.00786326805366701
281,0.904921386409816,0.0941811496849369,0.000897463905246761
282,0.912118591209101,0.0761019440176447,0.0117794647732542
283,0.546838588211287,0.402586032013387,0.0505753797753262
284,0.331135462280145,0.630629515457088,0.0382350222627672
285,0.500822140569414,0.460427601685304,0.0387502577452828
286,0.378126059575591,0.602511416194767,0.019362524229642
287,0.430711135130254,0.548213624102917,0.0210752407668283
288,0.96756636576137,0.0287586911408053,0.00367494309782524
289,0.959473860945389,0.0393151993451413,0.00121093970947009
290,0.974796798668612,0.0232522191808777,0.00195098215051014
291,0.919397320897197,0.0806026791028028,0
292,0.938732453390343,0.0498942387310027,0.0113733078786545
293,0.805276084715007,0.175178904609451,0.0195450106755425
294,0.729579155721417,0.270420844278583,0
295,0.983497492357338,0.0165025076426619,0
296,0.957274821255804,0.0300291921191209,0.0126959866250749
297,0.825570297781251,0.128243704308613,0.0461859979101358
298,0.952057086700099,0.0352847629402181,0.0126581503596828
299,0.920436490938993,0.0789317910291765,0.000631718031830921
300,0.60478484713038,0.391145204965206,0.00406994790441385
301,0.763403651235431,0.139625736466776,0.096970612297794
302,0.837953183111543,0.0494209196237338,0.112625897264723
303,0.889192600082168,0.0688805915141634,0.0419268084036688
304,0.951979009517425,0.0391597954977818,0.00886119498479371
305,0.855143527622838,0.132746258825673,0.0121102135514884
306,0.935899675516082,0.050525633666894,0.0135746908170239
